{
  "effnet_v1": {
    "accuracy": 0.216,
    "precision": 0.19330983481926878,
    "recall": 0.216,
    "f1_score": 0.20122587376108497,
    "roc_auc": 0.16410400000000003,
    "confusion_matrix": [
      [20, 230],
      [162, 88]
    ],
    "specificity": 0.08,
    "sensitivity": 0.352,
    "num_samples": 500
  },
  "vit_v1": {
    "accuracy": 0.19,
    "precision": 0.1494798733604704,
    "recall": 0.19,
    "f1_score": 0.1658943466172382,
    "roc_auc": 0.08496000000000001,
    "confusion_matrix": [
      [5, 245],
      [160, 90]
    ],
    "specificity": 0.02,
    "sensitivity": 0.36,
    "num_samples": 500
  },
  "deit_v1": {
    "accuracy": 0.206,
    "precision": 0.17151718836589855,
    "recall": 0.206,
    "f1_score": 0.1846006597135217,
    "roc_auc": 0.108528,
    "confusion_matrix": [
      [11, 239],
      [158, 92]
    ],
    "specificity": 0.044,
    "sensitivity": 0.368,
    "num_samples": 500
  },
  "convnext_v1": {
    "accuracy": 0.17,
    "precision": 0.16484668259152732,
    "recall": 0.17,
    "f1_score": 0.16679716831500285,
    "roc_auc": 0.090016,
    "confusion_matrix": [
      [58, 192],
      [223, 27]
    ],
    "specificity": 0.232,
    "sensitivity": 0.108,
    "num_samples": 500
  },
  "effnet_v2": {
    "accuracy": 0.162,
    "precision": 0.15443064893425595,
    "recall": 0.162,
    "f1_score": 0.157385844886599,
    "roc_auc": 0.082856,
    "confusion_matrix": [
      [
        22,
        228
      ],
      [
        191,
        59
      ]
    ],
    "specificity": 0.088,
    "sensitivity": 0.236,
    "num_samples": 500
  },
  "vit_v2": {
    "accuracy": 0.114,
    "precision": 0.1101010101010101,
    "recall": 0.114,
    "f1_score": 0.11177944862155387,
    "roc_auc": 0.049416,
    "confusion_matrix": [
      [
        16,
        234
      ],
      [
        209,
        41
      ]
    ],
    "specificity": 0.064,
    "sensitivity": 0.164,
    "num_samples": 500
  },
  "deit_v2": {
    "accuracy": 0.14,
    "precision": 0.13400351356626977,
    "recall": 0.14,
    "f1_score": 0.13646295225242594,
    "roc_auc": 0.052624000000000004,
    "confusion_matrix": [
      [
        19,
        231
      ],
      [
        199,
        51
      ]
    ],
    "specificity": 0.076,
    "sensitivity": 0.204,
    "num_samples": 500
  },
  "convnext_v2": {
    "accuracy": 0.126,
    "precision": 0.12426259021716417,
    "recall": 0.126,
    "f1_score": 0.12498848669061434,
    "roc_auc": 0.052064000000000006,
    "confusion_matrix": [
      [
        23,
        227
      ],
      [
        210,
        40
      ]
    ],
    "specificity": 0.092,
    "sensitivity": 0.16,
    "num_samples": 500
  }
}